model,mean_nse,median_nse,ci95_low_mean_nse,ci95_high_mean_nse,n_basins
RandomForest,0.599582600859327,0.6227941130644282,0.5352216354475174,0.6591897049635745,50
HistGBR,0.5949382978677378,0.6090370570099102,0.5374517353003437,0.6501629389123778,50
Persistence,0.5289970333710361,0.5402309962476933,0.45337266277649196,0.6081276708263476,50
Ridge,0.41164026444775187,0.5721315691581241,0.08293720747828197,0.6049267345034589,50
