model,median_NSE,mean_NSE,std_NSE,min_NSE,max_NSE,median_KGE,negative_NSE_basins,basins
RandomForest,0.6227941130644282,0.599582600859327,0.22526750916819263,-0.2656519193117435,0.970141375742649,0.7075592076625938,1,50
HistGBR,0.6090370570099102,0.5949382978677378,0.20304211327995814,-0.0180831010191511,0.9506564704611836,0.66739388252341,1,50
Ridge,0.5721315691581241,0.411640264447752,1.0869715603901053,-7.0010718783272345,0.913050858985944,0.6774572735775564,1,50
Persistence,0.5402309962476933,0.5289970333710361,0.28477791873063313,-0.0390475075364338,0.9852508763699148,0.77011674994377,1,50
