model,RMSE,MAE,NSE,KGE
RandomForest,2.1769350233290927,0.5690039789552664,0.6700585334210241,0.7557263746646601
HistGBR,2.1926084777078043,0.5895791610588943,0.6652904180091777,0.7398451624108646
Ridge,2.2848073691897715,0.6772983773398852,0.6365496016987743,0.7160235175653674
Persistence,2.502431678795153,0.5851823473699013,0.5640161261028903,0.7820232985383513
