model_a,model_b,n_basins,median_nse_a,median_nse_b,median_diff_a_minus_b,wilcoxon_stat,p_value
RandomForest,Ridge,50,0.6227941130644282,0.5721315691581241,0.03858270199428848,111.0,2.2451841275028528e-08
HistGBR,Ridge,50,0.6090370570099102,0.5721315691581241,0.030573240409747376,140.0,2.0039570713947796e-07
Persistence,RandomForest,50,0.5402309962476933,0.6227941130644282,-0.0994141196446674,217.0,2.0810681753857807e-05
HistGBR,Persistence,50,0.6090370570099102,0.5402309962476933,0.08791695298382543,244.0,7.861200783665367e-05
HistGBR,RandomForest,50,0.6090370570099102,0.6227941130644282,-0.0064941396751221625,390.0,0.016185270214664982
Persistence,Ridge,50,0.5402309962476933,0.5721315691581241,-0.07331473655499215,397.0,0.01958777690517799
